Headline,Category,Date and Time
"Four killed by tornadoes in Florida, as DeSantis warns of more Hurricane Milton flooding",Middle East,10-10-2024 21:12
Moment police evacuate family after tree strikes home,Europe,10-10-2024 17:08
"Israeli strike on Gaza school sheltering displaced kills 28, paramedics say",Tennis,10-10-2024 20:08
Portugal tries to tempt under-35s with tax cuts,US & Canada,10-10-2024 21:20
Tennis legend Nadal to retire in November,Middle East,10-10-2024 21:12
Moment police evacuate family after tree strikes home,Europe,N/A
Where is Hurricane Milton now?,US & Canada,10-10-2024 17:08
UN warns of 'humanitarian law breach' after peacekeepers injured by Israeli tank fire in Lebanon,World,10-10-2024 17:08
"Israeli strike on Gaza school sheltering displaced kills 28, paramedics say",Asia,10-10-2024 21:45
Russian strike kills eight in fresh attack on Ukrainian port,Culture,10-10-2024 17:08
Human rights advocate Ethel Kennedy dies at 96,US & Canada,10-10-2024 14:08
New Zealand minister criticises trolling of sunk ship's female captain,US & Canada,10-10-2024 15:08
Taiwan's president vows to resist 'annexation',US & Canada,10-10-2024 15:08
YouTuber Yung Filly charged with raping woman in Australia,US & Canada,10-10-2024 08:08
Watch: Destruction as Milton barrels through Florida,Middle East,08-10-2024 22:08
Florida webcams show Hurricane Milton making landfall,US & Canada,09-10-2024 23:08
Watch: Moment extreme turbulence hits Hurricane Milton hunters,Asia,08-10-2024 22:08
Las Vegas casino imploded to make way for stadium,US & Canada,10-10-2024 18:08
How do young Palestinians and Israelis see their future?,Culture,10-10-2024 14:08
"'My anxiety's through the roof,' says woman who stayed at home for Milton",World,10-10-2024 18:08
"Starbucks, Tetley, Jaguar Land Rover: Remembering Ratan Tata's global ambitions",US & Canada,10-10-2024 06:08
Why did Hurricane Milton cause tornadoes in Florida?,US & Canada,10-10-2024 05:08
Kylie Minogue on 'nasty' critics and how she kept every supportive cancer letter,Middle East,N/A
The two forces at work on Biden-Netanyahu phone call,Africa,N/A
Moment TV reporter cares for dog rescued from tornado debris,Europe,10-10-2024 21:45
Human rights advocate Ethel Kennedy dies at 96,US & Canada,10-10-2024 21:45
'My employers locked me in the house and left when the bombings started',Europe,10-10-2024 21:37
Tributes paid to British man murdered in Kenya,Asia,10-10-2024 21:37
What is Nato and which countries are members?,US & Canada,10-10-2024 21:36
Where is Hurricane Milton now?,N/A,10-10-2024 21:36
Portugal tries to tempt under-35s with tax cuts,N/A,10-10-2024 21:09
India holds state funeral for tycoon Ratan Tata,N/A,10-10-2024 21:09
Hurricane Milton leaves four dead in eastern Florida,N/A,N/A
